well,x,y,avg_oil_rate,production_norm
A1,1000,2000,1200.0,0.5555555555555556
A2,1300,2400,950.0,0.0
A3,1700,2100,1400.0,1.0
A4,2000,2600,1100.0,0.3333333333333333
A5,2400,2300,1000.0,0.1111111111111111
